article_id,theory_type,name,role,justification,confidence,name_raw
Study001,explicit,Self-Determination Theory,contextual,NA,0.5,Self-Determination Theory
Study001,implicit,Constraint-Led Approach,NA,"higher physiological load will be associated with traditional SSG with goalkeepers, while possession and overload drills will require a greater kinematic workload",0.8,Constraint-Led Approach
Study002,explicit,Self-Determination Theory,contextual,NA,0.8,Self-Determination Theory
Study002,implicit,Dual-Process Model,NA,"the physical demands of soccer are multifactorial, and these demands may vary depending on the tactical formation, opponent standard and other contextual factors",0.9,Dual-Process Models
Study003,explicit,Self-Determination Theory,contextual,NA,0.5,Self-Determination Theory
Study003,implicit,Constraint-Led Approach,NA,ECC-CON contractions would generate greater mean power with all loads than CON-Only contractions.,0.8,Constraint-Led Approach
Study003,implicit,Dual-Process Model,NA,NA,0.7,dual-process models
Study004,implicit,Constraint-Led Approach,NA,NA,0.8,Constraint-Led Approach
Study004,implicit,Dual-Process Model,NA,NA,0.7,Dual-Process Models
Study005,explicit,Self-Determination Theory,contextual,NA,0.5,Self-Determination Theory
Study005,implicit,Constraint-Led Approach,NA,the identification of the running demands of sub-elite Gaelic football may help promote the health benefits of participating in the sport.,0.8,Constraint-Led Approach
Study006,explicit,Dual-Process Model,contextual,NA,0.6,Dual-Process Model
Study006,implicit,Self-Regulation Theory,NA,Running HIIT program would induce larger effects despite similar gut microbiota composition alterations.,0.8,Self-Regulation Theory
Study007,explicit,Constraint-Led Approach,operational,NA,1,Constraint-Led Approach
Study007,implicit,Self-Determination Theory,NA,NA,0.5,Self-Determination Theory
Study008,implicit,Ait Ali Braham,NA,NA,0.8,Ait Ali Braham
Study009,implicit,Anaerobic Atp Resynthesis,NA,NA,0.9,Anaerobic ATP resynthesis
Study010,explicit,Constraint-Led Approach,operational,NA,0.9,Constraint-Led Approach
Study011,explicit,Self-Determination Theory,contextual,NA,0.5,Self-Determination Theory
Study011,implicit,Dual-Process Model,NA,the degree of post-exercise IC improvements is greater following LV-HIIE than following MCE,1,Dual-Process Models
Study012,explicit,Constraint-Led Approach,operational,NA,0.9,Constraint-Led Approach
Study013,implicit,Dual-Process Model,NA,NA,0.8,Dual-Process Models
Study013,implicit,Arousal-Performance Frameworks,NA,NA,0.7,Arousal-Performance Frameworks
Study014,explicit,Cross-Education,operational,NA,0.9,Cross-Education
Study014,implicit,Neural Mechanisms,NA,NA,0.8,Neural Mechanisms
Study015,explicit,Calorie Balance,operational,NA,0.9,Calorie Balance
Study015,explicit,Nutrient Balance,operational,NA,0.9,Nutrient Balance
Study016,explicit,Dual-Process Model,operational,NA,0.9,Dual-Process Models
Study016,implicit,Self-Organizing Systems Theory,NA,NA,0.8,Self-Organizing Systems Theory
Study017,explicit,Self-Determination Theory,operational,NA,0.8,Self-Determination Theory
Study017,implicit,Dual-Process Model,NA,NA,0.6,Dual-Process Models
Study018,explicit,Self-Determination Theory,contextual,NA,0.8,Self-Determination Theory
Study018,implicit,Constraint-Led Approach,NA,"acute caffeine supplementation would improve sprint performance, along with increases in propulsive forces as propulsive forces are determinants of sprint acceleration performance.",0.9,Constraint-Led Approach
Study019,explicit,Muscle-Tendon Adaptation,operational,NA,0.9,Muscle-tendon adaptation
Study019,explicit,Tendon Strain,operational,NA,0.9,Tendon strain
Study019,explicit,Muscle Sensitivity To Mechanical Loading,operational,NA,0.9,Muscle sensitivity to mechanical loading
Study019,explicit,Tendon Sensitivity To Mechanical Demand,operational,NA,0.9,Tendon sensitivity to mechanical demand
Study019,implicit,Mechano-Metabolic Stimuli,NA,NA,0.8,Mechano-metabolic stimuli
Study020,explicit,Activation Imbalance Theory,operational,NA,0.9,Activation Imbalance Theory
Study020,explicit,Closed Kinetic Chain Theory,operational,NA,0.8,Closed Kinetic Chain Theory
Study020,implicit,Neuromuscular Control Theory,NA,NA,0.7,Neuromuscular Control Theory
Study021,implicit,Self-Regulation Theory,NA,NA,0.8,Self-Regulation Theory
Study021,implicit,Dual-Process Model,NA,NA,0.7,Dual-Process Models
Study022,explicit,Overreaching Model,operational,NA,0.9,Overreaching model
Study022,implicit,Dual-Process Model,NA,NA,0.8,Dual-process models
Study023,explicit,Overreaching Model,operational,NA,0.9,Overreaching Model
Study023,implicit,Self-Organizing Capacity Theory,NA,NA,0.8,Self-Organizing Capacity Theory
Study024,explicit,Ergogenic Supplementation Protocol,operational,NA,1,Ergogenic supplementation protocol
Study024,implicit,Arousal-Performance Framework,NA,NA,0.8,Arousal-performance framework
Study025,explicit,Self-Determination Theory,contextual,NA,0.5,Self-Determination Theory
Study025,explicit,Overreaching Model,operational,NA,1,Overreaching Model
Study025,implicit,Dual-Process Model,NA,protein ingestion during recovery from exercise increases myofibrillar protein synthesis rates,1,Dual-Process Models
Study025,implicit,Arousal-Performance Frameworks,NA,NA,0.8,Arousal-Performance Frameworks
Study025,implicit,Fatigue Accumulation Framework,NA,NA,0.7,Fatigue Accumulation Framework
Study026,implicit,Sensory Reweighting,NA,Participants in both recent concussion and concussion history groups will display sensory reweighting impairments relative to the control group.,0.9,Sensory reweighting
Study026,implicit,Dual-Process Model,NA,NA,0.8,"Dual-process models (visual, vestibular, proprioceptive systems)"
Study027,explicit,Self-Regulation Theory Of Exercise And Sport,operational,NA,0.9,Self-Regulation Theory of Exercise and Sport
Study027,implicit,Heat Shock Response,NA,NA,0.8,Heat Shock Response
Study028,explicit,Self-Determination Theory,contextual,NA,0.5,Self-Determination Theory
Study028,implicit,Dual-Process Model,NA,"the ingestion of the caffeinated energy drink increased the countermovement jump height, the average peak running speed, total running distance, and the number of sprint bouts",0.8,Dual-Process Models
Study028,implicit,Arousal-Performance Frameworks,NA,"the ingestion of the caffeinated energy drink increased mean arterial, systolic (SBP) and diastolic (DBP) blood pressures",0.7,Arousal-Performance Frameworks
Study029,explicit,Constraint-Led Approach,operational,NA,0.9,Constraint-Led Approach
Study029,implicit,Self-Determination Theory,NA,NA,0.5,Self-Determination Theory
Study030,implicit,Dual-Process Model,NA,NA,0.8,Dual-Process Model
Study030,implicit,Overreaching Model,NA,NA,0.7,Overreaching Model
Study031,explicit,Repeated Bout Effect (Rbe),operational,NA,1,Repeated Bout Effect (RBE)
Study031,implicit,Neuromuscular (Nm) System Adaptations,NA,NA,0.8,Neuromuscular (NM) System Adaptations
Study031,implicit,Mechanical Adaptations,NA,NA,0.7,Mechanical Adaptations
Study032,implicit,Overreaching Model,NA,"muscle damage that is characterized by decreases in maximal voluntary contraction strength and joint range of motion, development of delayed onset muscle soreness (DOMS), swelling, increases in muscle stiffness or muscle hardness, and elevation of muscle proteins such as creatine kinase (CK) in the blood.",0.9,Overreaching model
Study032,implicit,Mitochondria Function,NA,NA,0.8,Mitochondria function
Study033,explicit,Overreaching Model,operational,NA,0.9,Overreaching Model
Study033,implicit,Self-Regulation Theory,NA,NA,0.8,Self-Regulation Theory
Study033,implicit,Arousal-Performance Framework,NA,NA,0.7,Arousal-Performance Framework
Study034,explicit,Self-Determination Theory,contextual,NA,0.5,Self-Determination Theory
Study034,implicit,Dual-Process Model,NA,Patients with both higher severity and longer duration of anterior knee pain were more likely to exhibit further deficits in quadriceps function.,0.8,Dual-Process Models
Study034,implicit,Arousal-Performance Frameworks,NA,"Pain causes a wide range of adaptations in neuromuscular activity, such as changing the onset of activation, recruitment pattern, and direction of contraction.",0.7,Arousal-Performance Frameworks
Study034,implicit,Overreaching Model,NA,Patients with AKP are generally categorized into subgroups based on pain severity and duration.,0.6,"Mechanistic Explanatory Models (Overreaching Model, Fatigue Accumulation Framework)"
Study035,implicit,Self-Regulation Theory,NA,The traditional (TRT) condition will provide a greater decline in neuromuscular performance than the alternated (ART) condition.,0.8,Self-Regulation Theory
Study035,implicit,Self-Regulation Theory,NA,The TRT condition would provide greater RPE than the ART condition.,0.8,Self-Regulation Theory
Study035,implicit,Self-Regulation Theory,NA,The ART condition increases the magnitude of reductions in BP when compared with the TRT condition.,0.8,Self-Regulation Theory
Study036,explicit,Stretch-Shortening Cycle (Ssc) Theory,operational,NA,0.9,Stretch-Shortening Cycle (SSC) theory
Study036,implicit,Mechanistic Explanatory Model Of Ssc Function,NA,NA,0.8,Mechanistic explanatory model of SSC function
Study037,explicit,Constraint-Led Approach,operational,NA,0.8,Constraint-Led Approach
Study037,explicit,Dual-Process Model,operational,NA,0.9,Dual-Process Models
Study037,explicit,Neurochemical Perspective,operational,NA,0.8,Neurochemical Perspective
Study037,explicit,Cognitive Component Skills Theory,operational,NA,0.7,Cognitive Component Skills Theory
Study037,implicit,Self-Determination Theory,NA,NA,0.6,Self-Determination Theory
Study038,explicit,Self-Determination Theory,contextual,NA,0.5,Self-Determination Theory
Study038,implicit,Constraint-Led Approach,NA,potentiation and maintenance effect may occur when AEL is prescribed for the first repetition of 2-5 cluster repetitions.,0.8,Constraint-Led Approach
Study038,implicit,Arousal-Performance Framework,NA,"using AEL for the first repetition of less than or equal to 2-5 cluster repetitions using RR might potentiate and maintain concentric force, velocity, and power throughout most repetitions during BS exercise.",0.7,Arousal-Performance Framework
Study039,explicit,Constraint-Led Approach,operational,NA,0.9,Constraint-Led Approach
Study039,implicit,Mechanistic Explanatory Model (Acl Loading Mechanisms),NA,greater internal knee adduction moment with greater lateral trunk bending angles and knee abduction angles during sidestep cuttings,0.8,Mechanistic explanatory model (ACL loading mechanisms)
Study039,implicit,Mechanistic Explanatory Model (Knee Mechanics),NA,"greater internal knee adduction moment with greater limited knee flexion angle, increased knee abduction, and internal rotation angles during sidestep cuttings",0.8,Mechanistic explanatory model (knee mechanics)
Study040,implicit,Dual-Process Model,NA,NA,0.8,Dual-Process Model
Study041,explicit,Dual-Process Model,contextual,NA,0.6,Dual-Process Model
Study041,implicit,Self-Regulation Theory,NA,an insufficient use of the legs during the swim segment could be detrimental for the following cycle segment,0.8,Self-Regulation Theory
Study042,explicit,Muscle Synergy Theory,operational,NA,1,Muscle Synergy Theory
Study042,explicit,Cocontraction Index Theory,operational,NA,1,Cocontraction Index Theory
Study042,explicit,Intermuscular Coherence Theory,operational,NA,1,Intermuscular Coherence Theory
Study043,explicit,Self-Determination Theory,contextual,NA,0.5,Self-Determination Theory
Study043,implicit,Dual-Process Model,NA,"HIIT results in a superior improvement in Vȯ2max, likely explained by the greater overload on oxygen transport during HIIT.",0.8,Dual-Process Models
Study043,implicit,Arousal-Performance Frameworks,NA,"SIT may be superior to HIIT in improving other factors than Vȯ2max contributing to running performance, as the anaerobic system is typically highly taxed during SIT.",0.7,Arousal-Performance Frameworks
Study044,explicit,Constraint-Led Approach,operational,NA,0.9,Constraint-Led Approach
Study044,implicit,Kinetic Chain Theory,NA,NA,0.8,Kinetic Chain Theory
Study045,explicit,Constraint-Led Approach,contextual,NA,0.8,Constraint-Led Approach
Study045,implicit,Dual-Process Model,NA,"Greater neck strength results in greater tensile stiffness and cross-sectional area of the muscles, allowing for more effective absorption of external forces from impacts.",0.9,Dual-Process Models
Study046,implicit,Dual-Process Model,NA,NA,0.8,dual-process models
Study046,implicit,Arousal-Performance Frameworks,NA,NA,0.7,arousal-performance frameworks
Study047,explicit,Self-Determination Theory,contextual,NA,0.5,Self-Determination Theory
Study047,implicit,Dual-Process Model,NA,High V Ȯ2max and high HR variability may mitigate the deleterious health consequences of sedentary lifestyle.,0.8,Dual-Process Models
Study047,implicit,Arousal-Performance Frameworks,NA,"Low-volume SIT characterized by a short-interval duration (i.e., 5 seconds) and fewer number of intervals have been proposed to reduce neuromuscular fatigue and enhance contribution of oxidative metabolism while improving subject tolerance.",0.7,Arousal-Performance Frameworks
Study047,implicit,Overreaching Model,NA,Chronic HIFT significantly enhances neuromuscular and cardiorespiratory function in clinical and healthy populations.,0.9,Overreaching Model
Study048,explicit,Self-Reported Function,operational,NA,1,Self-Reported Function
Study048,explicit,Submaximal Isometric Strength Control,operational,NA,1,Submaximal Isometric Strength Control
Study048,implicit,Chronic Ankle Instability (Cai),NA,NA,1,Chronic Ankle Instability (CAI)
Study048,implicit,Neuromuscular Impairments,NA,NA,1,Neuromuscular Impairments
Study049,explicit,Constraint-Led Approach,operational,NA,0.9,Constraint-Led Approach
Study049,implicit,Dual-Process Model,NA,NA,0.8,dual-process models
Study050,explicit,Mechanistic Explanatory Model (Force Exertion Mechanisms),operational,NA,0.9,Mechanistic Explanatory Model (Force Exertion Mechanisms)
Study050,implicit,Constraint-Led Approach,NA,NA,0.8,Constraint-Led Approach
Study051,implicit,Mechanistic Explanatory Model Of Patellofemoral Joint Stress,NA,"Patellofemoral force and stress would be greater performing ball squat than wall squat during squat descent, greater in wall squat than ball squat during squat ascent, and greater with short HTWD than long HTWD.",0.9,Mechanistic explanatory model of patellofemoral joint stress
Study052,implicit,Constraint-Led Approach,NA,NA,0.8,Constraint-Led Approach
Study053,explicit,Task-Dependence Of Fatigability,operational,NA,0.9,Task-Dependence of Fatigability
Study053,implicit,Peripheral-Central Neuromuscular System,NA,NA,0.8,Peripheral-Central Neuromuscular System
Study053,implicit,Rate Of Velocity Development (Rvd),NA,The rate of velocity development is a key factor for achieving peak power output.,0.8,Rate of Velocity Development (RVD)
Study054,explicit,Self-Determination Theory,contextual,NA,0.5,Self-Determination Theory
Study054,implicit,Dual-Process Model,NA,"WBC-RSH would improve performance during exercise in hypoxia compared with RSH and RSH-WBC, through an increase in muscle oxygenation 15",0.8,Dual-Process Models
Study054,implicit,Arousal-Performance Frameworks,NA,"RSH-WBC would induce improved sleep compared to RSH and control night 16,17",0.8,Arousal-Performance Frameworks
Study054,implicit,Autonomic Nervous System Frameworks,NA,"Both WBC conditions would enhance recovery of HRV indices compared to RSH. 13,14",0.8,Autonomic Nervous System Frameworks
Study055,explicit,Dual-Process Model,contextual,NA,0.6,Dual-Process Models
Study055,implicit,Self-Regulation Theory,NA,wetsuit use could have an additional role in fatigability and overall performance,0.8,Self-Regulation Theory
Study056,explicit,Eccentric Overload (Eo),operational,NA,1,Eccentric Overload (EO)
Study056,implicit,Moment Of Inertia,NA,NA,0.8,Moment of Inertia
Study057,implicit,Oxidative-Glycolytic Balance,NA,NA,0.8,oxidative-glycolytic balance
Study057,implicit,Dual-Process Model,NA,"During a 3-s sprint, 55% of the energy supply comes from PCr, whereas 32% is derived from anaerobic glycolysis (19).",0.9,dual-process models (anaerobic glycolysis and phosphocreatine breakdown)
Study058,explicit,Threshold Theory,operational,NA,0.9,Threshold Theory
Study058,implicit,Dual-Energy Pathway Theory,NA,NA,0.8,Dual-Energy Pathway Theory
Study059,explicit,Self-Determination Theory,contextual,NA,0.8,Self-Determination Theory
Study059,implicit,Constraint-Led Approach,NA,multimodal exercise programs positively impact on multiple skeletal and fall-related risk factors,1,Constraint-Led Approach
Study060,explicit,Self-Determination Theory,contextual,NA,0.5,Self-Determination Theory
Study060,implicit,Constraint-Led Approach,NA,"ET would attenuate decreases in muscle function and CSA of the immobilized arm greater than CT, and ET would provide greater protective effects against muscle damage induced by maximal eccentric exercise after immobilization than CT.",0.8,Constraint-Led Approach
Study061,explicit,Constraint-Led Approach,contextual,NA,0.8,Constraint-Led Approach
Study061,implicit,Dual-Process Model,NA,Elite field hockey players demonstrated altered intramuscular and intermuscular scapular balance ratios during maximal shoulder-girdle contractions.,0.9,Dual-Process Models (Arousal-Performance Framework)
Study063,explicit,Self-Determination Theory,operational,NA,1,Self-Determination Theory (SDT)
Study063,explicit,Dual-Mode Theory,contextual,NA,1,Dual-Mode Theory
Study064,implicit,NA,NA,NA,0.8,NA
Study065,explicit,Ergogenic Theory,operational,NA,1,Ergogenic Theory
Study065,implicit,Adenosine Receptor Theory,NA,NA,0.9,Adenosine Receptor Theory
Study066,implicit,Dual-Process Model,NA,NA,0.8,Dual-Process Model
Study066,implicit,Overreaching Model,NA,NA,0.7,Overreaching Model
Study067,explicit,Supercompensation,contextual,NA,0.8,Supercompensation
Study067,explicit,Postactivation Performance Enhancement (Pape),operational,NA,1,Postactivation Performance Enhancement (PAPE)
Study067,explicit,Priming,operational,NA,1,Priming
Study068,explicit,Dual-Process Model,operational,NA,0.9,dual-process models (VO2max and RE)
Study068,implicit,Physiological Resilience,NA,NA,0.8,physiological resilience
Study069,explicit,Eccentric Overloaded Exercises,operational,NA,0.8,Eccentric Overloaded Exercises
Study069,explicit,Flywheel Neuromuscular Training (Fnmt),operational,NA,0.7,Flywheel Neuromuscular Training (FNMT)
Study069,explicit,Machine-Based Neuromuscular Training (Mnmt),operational,NA,0.7,Machine-Based Neuromuscular Training (MNMT)
Study069,implicit,Stretch-Shortening Cycle,NA,"improvements in actions that rely highly on the stretch-shortening cycle towards performance (ie, countermovement jump [CMJ])",0.9,Stretch-Shortening Cycle
Study070,explicit,Constraint-Led Approach,operational,NA,0.9,Constraint-Led Approach
Study071,explicit,Self-Determination Theory,contextual,NA,0.5,Self-Determination Theory
Study071,implicit,Constraint-Led Approach,NA,"acute changes in markers of inflammation, cellular damage, BLa, perceived pain and RPE would be greater after HIIT compared to MIIT",0.8,Constraint-Led Approach
Study072,explicit,Constraint-Led Approach,operational,NA,0.9,Constraint-Led Approach
Study072,implicit,NA,NA,NA,0.8,NA
Study073,explicit,Structure Mapping Model,operational,NA,1,Structure Mapping Model
Study073,implicit,Dual-Process Model,NA,NA,0.8,Dual-Process Models
Study073,implicit,Arousal-Performance Frameworks,NA,NA,0.7,Arousal-Performance Frameworks
Study074,explicit,Mechanical Properties Of Barbell,operational,NA,0.8,Mechanical properties of barbell
Study074,implicit,Moment Of Inertia,NA,NA,0.6,Moment of inertia
Study075,explicit,Self-Determination Theory,contextual,NA,0.8,Self-Determination Theory
Study075,implicit,Dual-Process Model,NA,music-related interventions appear to moderate the tendency for high-intensity exercise to up-regulate theta waves,0.9,Dual-Process Models
Study076,explicit,Constraint-Led Approach,operational,NA,0.9,Constraint-Led Approach
Study077,implicit,Constraint-Led Approach,NA,NA,0.8,Constraint-Led Approach
Study077,implicit,Dual-Process Model,NA,NA,0.7,Dual-Process Models
Study079,explicit,Constraint-Led Approach,operational,NA,0.9,Constraint-Led Approach
Study079,explicit,Psychobiological Model Of Marcora Et Al. (2009),contextual,NA,0.8,Psychobiological model of Marcora et al. (2009)
Study079,explicit,Strength Model Of Self-Control Confirmed By Englert (2019) And Brown Et Al. (2020),contextual,NA,0.7,Strength model of self-control confirmed by Englert (2019) and Brown et al. (2020)
Study080,explicit,Modified Perceptual Training Framework,operational,NA,1,Modified Perceptual Training Framework
Study080,implicit,Self-Determination Theory,NA,NA,0.8,Self-Determination Theory
Study080,implicit,Social Cognitive Theory,NA,NA,0.7,Social Cognitive Theory
Study081,explicit,Constraint-Led Approach,operational,NA,0.9,Constraint-Led Approach
Study081,implicit,NA,NA,NA,0.8,NA
Study082,implicit,Core Stability,NA,NA,0.8,Core stability
Study083,explicit,Constraint-Led Approach,operational,NA,0.9,Constraint-Led Approach
Study083,implicit,Self-Determination Theory,NA,NA,0.5,Self-Determination Theory
Study084,explicit,Model Of Tendon Pathology,operational,NA,0.9,Model of tendon pathology
Study084,implicit,Mechanoresponsive Structure,NA,NA,0.8,Mechanoresponsive structure
Study084,implicit,Dual-Process Model,NA,"runners who habitually wore minimalist shoes with a forefoot strike (FFS) pattern had greater AT cross-sectional area (CSA), stiffness, and Young's modulus than runners who habitually wore conventional shoes with a rearfoot strike (RFS) pattern",0.9,Dual-process models (foot strike patterns)
Study085,explicit,Self-Determination Theory,contextual,NA,0.5,Self-Determination Theory
Study085,implicit,Constraint-Led Approach,NA,"the manipulation of sagittal plane range of motion at the ankle, specifically dorsiflexion range of motion, is important when considering the design and use of higher collar shoes.",0.8,Constraint-Led Approach
Study085,implicit,Dual-Process Model,NA,NA,0.3,Dual-Process Models
Study086,explicit,Physical Capacity,operational,NA,0.9,Physical capacity
Study086,implicit,Anaerobic Mechanisms,NA,NA,0.8,Anaerobic mechanisms
Study087,implicit,Self-Regulation Theory,NA,PTA increases as a result of a single prolonged run may be more likely in novice runners than in more trained and experienced runners.,0.8,Self-Regulation Theory
Study087,implicit,Dual-Process Model,NA,NA,0.6,Dual-Process Model
Study088,explicit,Constraint-Led Approach,operational,NA,0.9,Constraint-Led Approach
Study088,implicit,NA,NA,NA,0.8,NA
Study089,explicit,Overuse Injury Theory,contextual,NA,0.8,Overuse injury theory
Study089,implicit,Fatigue Failure Behavior Of Musculoskeletal Structures,NA,the damage accumulated depends more strongly on load magnitude than the number of loading cycles,0.9,Fatigue failure behavior of musculoskeletal structures
Study090,explicit,Constraint-Led Approach,operational,NA,0.8,Constraint-Led Approach
Study090,implicit,Self-Determination Theory,NA,NA,0.5,Self-Determination Theory
Study091,implicit,Self-Determination Theory,NA,NA,0.5,Self-Determination Theory
Study092,explicit,Self-Determination Theory,contextual,NA,0.5,Self-Determination Theory
Study092,implicit,Constraint-Led Approach,NA,training-induced adaptations likely only occur when using a range between 50% and 80% of the minimum arterial occlusion pressure (AOP) necessary to completely prevent inflow,0.8,Constraint-Led Approach
Study092,implicit,Dual-Process Model,NA,NA,0.7,dual-process models
Study093,explicit,Dual-Task Paradigm,operational,NA,0.9,Dual-Task Paradigm
Study093,explicit,Ankle Proprioception,operational,NA,0.8,Ankle Proprioception
Study094,explicit,Self-Determination Theory,contextual,NA,0.5,Self-Determination Theory
Study094,explicit,Overreaching Model,operational,NA,0.9,Overreaching Model
Study094,implicit,Constraint-Led Approach,NA,an external focus promotes performance by enhancing a performer's ability to exploit a variety of movement patterns to produce stable motor output ('execution redundancy'),0.8,Constraint-Led Approach
Study094,implicit,Dual-Process Model,NA,NA,0.7,Dual-Process Models
Study095,explicit,Constraint-Led Approach,contextual,NA,0.8,Constraint-Led Approach
Study095,implicit,Self-Determination Theory,NA,"NGF, GDNF, and COX-2 mRNA levels would increase after the first exercise bout, but the magnitude of increases would be smaller after the second than the first bout",0.9,Self-Determination Theory
Study096,explicit,Self-Determination Theory,contextual,NA,0.5,Self-Determination Theory
Study096,implicit,Constraint-Led Approach,NA,Improving strength levels in women's soccer might be one of the main goals of a strength and conditioning (S&C) coach.,0.8,Constraint-Led Approach
Study096,implicit,Dual-Process Model,NA,NA,0.3,Dual-Process Models
Study097,explicit,Constraint-Led Approach,operational,NA,0.8,Constraint-Led Approach
Study097,implicit,Self-Determination Theory,NA,NA,0.6,Self-Determination Theory
Study098,explicit,Constraint-Led Approach,operational,NA,1,Constraint-Led Approach
Study098,implicit,Dual-Process Model,NA,NA,0.8,Dual-Process Models
Study099,explicit,Optimal Theory,operational,NA,1,OPTIMAL theory
Study099,implicit,Self-Regulatory Theory,NA,NA,0.8,Self-regulatory theory
Study100,explicit,Constraint-Led Approach,contextual,NA,0.6,Constraint-Led Approach
Study100,implicit,Self-Optimization Theory,NA,increased pitching distance increases upper extremity kinetics and perhaps some changes in full-body kinematics,0.8,Self-Optimization Theory
Study101,explicit,Self-Determination Theory,contextual,NA,0.5,Self-Determination Theory
Study101,implicit,Constraint-Led Approach,NA,a highly demanding cognitive task inducing MF and impair peak and mean time of the directional component but not the linear component of RSA.,0.8,Constraint-Led Approach
Study102,explicit,Mechanistic Explanatory Model Of Age-Related Changes In Running Biomechanics,operational,NA,0.9,Mechanistic Explanatory Model of Age-Related Changes in Running Biomechanics
Study102,implicit,Self-Organizing Capacity Theory,NA,NA,0.8,Self-Organizing Capacity Theory
Study103,explicit,Constraint-Led Approach,operational,NA,0.8,Constraint-Led Approach
Study103,implicit,Self-Determination Theory,NA,NA,0.5,Self-Determination Theory
Study104,implicit,Overreaching Model,NA,NA,0.8,Overreaching model
Study104,implicit,Fatigue Accumulation Framework,NA,NA,0.7,Fatigue accumulation framework
Study105,implicit,Perception-Action Coupling Loop,NA,NA,0.8,Perception-action coupling loop
Study105,implicit,Cerebellar Dysfunction Leading To Disruption Of Afferent And Efferent Feedback Loops,NA,NA,0.7,Cerebellar dysfunction leading to disruption of afferent and efferent feedback loops
Study106,explicit,Constraint-Led Approach,operational,NA,1,Constraint-Led Approach
Study106,implicit,Self-Organizing Systems Theory,NA,NA,0.8,Self-Organizing Systems Theory
Study107,explicit,Omega-3 Fatty Acid Supplementation Theory,operational,NA,0.9,Omega-3 Fatty Acid Supplementation Theory
Study107,implicit,Self-Regulation Theory,NA,NA,0.8,Self-Regulation Theory
Study108,explicit,Information Processing Approach,operational,NA,1,Information Processing Approach
Study108,implicit,Self-Determination Theory,NA,NA,0.8,Self-Determination Theory
Study109,explicit,Gait Retraining As A Clinical Intervention For Pfp,operational,NA,1,Gait retraining as a clinical intervention for PFP
Study109,implicit,Multifactorial Cause Of Patellofemoral Pain,NA,NA,0.8,Multifactorial cause of patellofemoral pain
Study109,implicit,Aberrant Running Mechanics As A Risk Factor For Pfp,NA,NA,0.9,Aberrant running mechanics as a risk factor for PFP
Study110,explicit,Constraint-Led Approach,operational,NA,0.9,Constraint-Led Approach
Study110,implicit,Self-Determination Theory,NA,NA,0.5,Self-Determination Theory
Study111,implicit,Muscle Imbalance Theory,NA,insufficient hamstring strength in comparison with the quadriceps has been strongly suggested as a risk factor for HSIs,0.9,Muscle Imbalance Theory
Study111,implicit,Muscle Structural And Morphological Risk Factors Theory,NA,"shorter BFlh fascicle length, increased passive hamstring stiffness are risk factors for HSIs",0.9,Muscle Structural and Morphological Risk Factors Theory
Study112,explicit,Constraint-Led Approach,operational,NA,1,Constraint-Led Approach
Study112,implicit,Dual-Process Model,NA,NA,0.8,Dual-Process Model
Study113,explicit,Unified Taxonomy Of Fatigue,contextual,NA,0.9,Unified taxonomy of fatigue
Study113,implicit,Self-Regulation Theory (Implied),NA,"Ratings of perceived exertion subjectively describe the effort, strain, discomfort, and fatigue experienced during exercise.",0.8,Self-regulation theory (implied)
Study114,explicit,Overreaching Model,operational,NA,0.9,Overreaching Model
Study114,implicit,Constraint-Led Approach,NA,NA,0.8,Constraint-Led Approach
Study114,implicit,Arousal-Performance Framework,NA,NA,0.7,Arousal-Performance Framework
Study115,explicit,Self-Determination Theory,contextual,NA,0.5,Self-Determination Theory
Study115,explicit,Ecological Approach,operational,NA,0.8,Ecological Approach
Study115,implicit,Social Cognitive Theory,NA,NA,0.5,Social Cognitive Theory
Study115,implicit,Dual-Process Model,NA,NA,0.5,Dual-Process Models
Study116,explicit,Self-Determination Theory,contextual,NA,0.5,Self-Determination Theory
Study116,explicit,Constraint-Led Approach,contextual,NA,0.5,Constraint-Led Approach
Study116,implicit,Social Cognitive Theory,NA,NA,0.5,Social Cognitive Theory
Study116,implicit,Dual-Process Model,NA,efficient allocation of cognitive resources via automated attentional self-regulation and non-judgmental awareness in the present moment,0.8,Dual-Process Models
Study116,implicit,Arousal-Performance Frameworks,NA,induce a temporary state of mindfulness and relaxation responses to reduce physiological and psychological stress,0.9,Arousal-Performance Frameworks
Study117,explicit,Self-Determination Theory,contextual,NA,0.8,Self-Determination Theory
Study117,implicit,Arousal-Performance Framework,NA,"listening to research-selected music prior to a visual reaction time task would increase affective responses (i.e., feeling status and arousal state) and thus reduce RT.",0.9,Arousal-Performance Framework
Study118,explicit,Muscle Hypertrophy,operational,NA,1,Muscle Hypertrophy
Study118,implicit,Self-Perceived Function,NA,NA,0.8,Self-Perceived Function
Study119,explicit,Postactivation Performance Enhancement (Pape),operational,NA,0.9,Postactivation Performance Enhancement (PAPE)
Study119,implicit,Self-Myofascial Release (Smr),NA,NA,0.8,Self-Myofascial Release (SMR)
Study120,explicit,Tensor Fasciae Latae Dominance Theory,operational,NA,0.9,Tensor fasciae latae dominance theory
Study120,implicit,Muscle Function And Movement,NA,NA,0.8,Muscle function and movement
Study120,implicit,Gluteus Medius Weakness Theory,NA,NA,0.7,Gluteus medius weakness theory
Study121,explicit,Self-Determination Theory,contextual,NA,0.5,Self-Determination Theory
Study121,implicit,Constraint-Led Approach,NA,drafting will result in a greater decrease in physical and especially perceived intensity for each position after the leading skater.,0.8,Constraint-Led Approach
Study121,implicit,Dual-Process Model,NA,NA,0.3,Dual-Process Models
Study122,explicit,Fatigue Accumulation Framework,operational,NA,0.9,Fatigue accumulation framework
Study122,explicit,Axial Loading Stiffness Model,operational,NA,0.9,Axial loading stiffness model
Study122,implicit,Mechanical Properties Of Bone,NA,NA,0.8,Mechanical properties of bone
Study122,implicit,Bone Remodeling And Adaptation,NA,NA,0.7,Bone remodeling and adaptation
Study123,implicit,Self-Organizing Theory Of Ligament Hypertrophy,NA,The ACL can become hypertrophied in response to mechanical loading.,0.9,Self-Organizing Theory of Ligament Hypertrophy
Study123,implicit,Dual-Process Model,NA,NA,0.8,Dual-Process Model (of Cell Regeneration and Proliferation)
Study124,implicit,Muscle Optimal Length Theory,NA,Hamstring optimal lengths can be increased through hamstring flexibility and strength interventions.,0.9,Muscle Optimal Length Theory
Study124,implicit,Self-Regulation Theory (Hamster Muscle-Tendon Unit Lengths),NA,NA,0.8,Self-Regulation Theory (hamster muscle-tendon unit lengths)
Study125,explicit,Load Carriage Theory,operational,NA,0.9,Load Carriage Theory
Study125,implicit,Self-Optimization Theory,NA,NA,0.8,Self-Optimization Theory
Study126,explicit,Constraint-Led Approach,operational,NA,0.9,Constraint-Led Approach
Study126,implicit,Dual-Process Model,NA,NA,0.8,Dual-Process Models
Study127,explicit,Mechanical Energy Expenditure (Mee) Analysis,operational,NA,1,Mechanical energy expenditure (MEE) analysis
Study127,implicit,Static Stick Figure,NA,NA,0.8,Static stick figure
Study128,explicit,Constraint-Led Approach,operational,NA,0.9,Constraint-Led Approach
Study128,implicit,Dual-Process Model,NA,NA,0.8,Dual-Process Models
Study129,explicit,Constraint-Led Approach,operational,NA,1,Constraint-Led Approach
Study129,implicit,Self-Reported Disability,NA,NA,0.8,Self-Reported Disability
Study131,explicit,Constraint-Led Approach,operational,NA,1,Constraint-Led Approach
Study131,implicit,Dual-Process Model,NA,NA,0.8,Dual-Process Models
Study132,explicit,Constraint-Led Approach,operational,NA,0.9,Constraint-Led Approach
Study132,implicit,NA,NA,NA,0.8,NA
Study133,explicit,Self-Determination Theory,contextual,NA,0.8,Self-Determination Theory
Study133,implicit,Dual-Process Model,NA,"Mental fatigue impairs goaldirected attentional capacity, monitoring and adjustment of performance, reaction times, cognitive ability and response to cues in the visual search field for action preparation.",0.9,Dual-Process Models
Study133,implicit,Arousal-Performance Framework,NA,"Mental fatigue impairs physical and technical performance in AF-specific running, passing, tackling and shooting skills.",0.8,Arousal-Performance Framework
Study134,explicit,Self-Determination Theory,contextual,NA,0.5,Self-Determination Theory
Study134,implicit,Constraint-Led Approach,NA,"sex differences in US-based neck muscle characteristics of young, healthy women and men",1,Constraint-Led Approach
Study135,explicit,Overreaching Model,operational,NA,0.9,Overreaching Model
Study135,implicit,Stretch-Shortening Cycle,NA,NA,0.8,Stretch-Shortening Cycle
Study135,implicit,Elastic Energy Storage,NA,NA,0.7,Elastic Energy Storage
Study136,explicit,Psychomotor Efficiency And Neural Proficiency Hypotheses,operational,NA,1,Psychomotor efficiency and neural proficiency hypotheses
Study136,explicit,Dual-Process Model,operational,NA,1,Dual-process models
Study136,explicit,Neurofeedback And Precision Sports Performance,operational,NA,1,Neurofeedback and precision sports performance
Study136,implicit,Self-Regulation Theory,NA,NA,0.8,Self-regulation theory
Study137,implicit,Davis's Law,NA,NA,0.8,Davis's law
Study137,implicit,Overhead Throwing Model,NA,NA,0.7,Overhead throwing model
Study138,explicit,Constrained Action Hypothesis,operational,NA,1,Constrained Action Hypothesis
Study138,explicit,Orientation Of Focus Theory,operational,NA,1,Orientation of Focus Theory
Study138,implicit,Self-Regulation Theory,NA,NA,0.8,Self-Regulation Theory
Study138,implicit,Dual-Process Model,NA,NA,0.7,Dual-Process Models
Study139,explicit,Force-Length Relationship,operational,NA,0.9,Force-Length Relationship
Study139,explicit,Force-Velocity Relationship,operational,NA,0.9,Force-Velocity Relationship
Study139,explicit,Training At Longer Muscle Lengths,operational,NA,0.8,Training at Longer Muscle Lengths
Study140,implicit,Scapular Function,NA,NA,0.8,Scapular function
Study141,explicit,Ischemia Reperfusion (Ir) Injury,contextual,NA,1,Ischemia Reperfusion (IR) injury
Study141,explicit,Ischemic Conditioning (Ic),operational,NA,1,Ischemic Conditioning (IC)
Study142,explicit,Cognitive Interference Control System,operational,NA,1,Cognitive Interference Control System
Study142,implicit,Dual-Process Model,NA,NA,0.8,Dual-Process Models (Attentional Focus)
Study143,explicit,Overreaching Model,operational,NA,0.9,Overreaching model
Study143,explicit,Dual-Process Model,operational,NA,0.9,Dual-process models
Study143,explicit,Arousal-Performance Frameworks,operational,NA,0.9,Arousal-performance frameworks
Study143,explicit,Calcium-Handling Dynamics,operational,NA,0.9,Calcium-handling dynamics
Study143,implicit,Self-Determination Theory,NA,NA,0.8,Self-Determination Theory
Study144,implicit,Self-Optimization Theory,NA,recreational marathon runners at slower paces will benefit from using super shoes,0.8,Self-Optimization Theory
Study145,explicit,Central Fatigue,operational,NA,0.9,Central Fatigue
Study145,explicit,Peripheral Fatigue,operational,NA,0.9,Peripheral Fatigue
Study145,implicit,Dual-Process Model,NA,NA,0.8,Dual-Process Model (Central and Peripheral Fatigue)
Study146,implicit,Dual-Process Model,NA,NA,0.8,Dual-Process Model
Study146,implicit,Overreaching Model,NA,NA,0.7,Overreaching Model
Study148,implicit,Dual-Process Model,NA,a progressive increase in neural drive to the fatiguing muscle to sustain the force being generated,0.9,Dual-process model
Study148,implicit,Overreaching Model,NA,NA,0.8,Overreaching model
Study149,explicit,Constraint-Led Approach,operational,NA,0.9,Constraint-Led Approach
Study149,implicit,Dual-Process Model,NA,NA,0.8,dual-process models
Study150,explicit,Postactivation Potentiation (Pap),operational,NA,1,Postactivation Potentiation (PAP)
Study150,implicit,Phosphorylation Of Myosin Regulatory Light Chains,NA,NA,0.8,Phosphorylation of myosin regulatory light chains
Study151,explicit,Sarcopenia,contextual,NA,0.8,Sarcopenia
Study151,implicit,Anabolic Resistance,NA,impairments in the exercise-induced stimulation of MPS have been reported with aging and have been suggested to underpin age-related muscle loss,0.9,Anabolic Resistance
Study151,implicit,Dual-Process Model,NA,the dynamic balance between muscle protein synthesis (MPS) and muscle protein breakdown (MPB) rates that results in either a net gain or a net loss of muscle mass,0.9,Dual-Process Model (MPS vs MPB)
Study151,implicit,Exercise-Induced Stimulation Of Mps,NA,impairments in the exercise-induced stimulation of MPS have been reported with aging and have been suggested to underpin age-related muscle loss,0.9,Exercise-Induced Stimulation of MPS
Study152,implicit,Arthrogenic Muscle Inhibition,NA,NA,0.8,arthrogenic muscle inhibition
Study152,implicit,Neuromuscular Fatigue Due To Continuous Exercises And High-Demand Tasks,NA,NA,0.9,neuromuscular fatigue due to continuous exercises and high-demand tasks
Study153,explicit,Constraint-Led Approach,operational,NA,0.9,Constraint-Led Approach
Study154,explicit,Self-Determination Theory,contextual,NA,0.5,Self-Determination Theory
Study154,implicit,Constraint-Led Approach,NA,"RSS training with L 50%vdec improves sprint acceleration performance and underlying mechanical variables, more than a traditional RSS training with a light load or without a load.",0.8,Constraint-Led Approach
Study155,implicit,Self-Regulation Theory,NA,NA,0.8,Self-Regulation Theory
Study155,implicit,Dual-Process Model,NA,NA,0.7,Dual-Process Model
Study156,explicit,Self-Determination Theory,contextual,NA,0.8,Self-Determination Theory
Study156,implicit,Constraint-Led Approach,NA,"players from a Category One academy will present with significantly greater total daily energy expenditure than non-academy players, in accordance with the greater training demands associated with formalised coaching programmes.",0.9,Constraint-Led Approach
Study157,explicit,Constraint-Led Approach,operational,NA,0.9,Constraint-Led Approach
Study157,implicit,Somatotropic Map,NA,NA,0.8,Somatotropic map
Study158,explicit,Fick Equation,operational,NA,1,Fick Equation
Study158,implicit,Dual-Process Model,NA,NA,0.8,Dual-Process Models
Study159,explicit,Self-Determination Theory,contextual,NA,0.5,Self-Determination Theory
Study159,implicit,Constraint-Led Approach,NA,elite-level teams differ in comparison with sub-elite teams,1,Constraint-Led Approach
Study160,explicit,Neuroendocrine Dynamics,operational,NA,0.9,Neuroendocrine Dynamics
Study160,implicit,Dual-Process Model,NA,NA,0.8,Dual-Process Model
Study161,explicit,Multifactorial Model Of Sports Performance,contextual,NA,1,Multifactorial model of sports performance
Study161,explicit,Cognitive Brain Mechanisms,contextual,NA,1,Cognitive brain mechanisms
Study161,implicit,Ecological Dynamics,NA,"players couple their actions in both space and time, looking for the best way to comprehend the environment and task restrictions during performance",1,Ecological dynamics of decision-making performance
Study161,implicit,Perception-Action Couplings,NA,athletes need to enhance perception-action couplings that improve their attention to perceptual variables and clarify which actions are or are not possible to perform according to each performer's capabilities,1,Perception-action couplings
Study162,explicit,Constraint-Led Approach,operational,NA,1,Constraint-Led Approach
Study162,implicit,Self-Organizing Theory Of Running Economy,NA,NA,0.8,Self-Organizing Theory of Running Economy
Study164,implicit,Dual-Process Model,NA,NA,0.8,dual-process models
Study164,implicit,Arousal-Performance Frameworks,NA,NA,0.7,arousal-performance frameworks
Study165,explicit,Self-Determination Theory,contextual,NA,0.5,Self-Determination Theory
Study165,implicit,Constraint-Led Approach,NA,understanding the turning demands of soccer match play with respect to angle and entry speed can be considered highly important to better inform physical preparation of soccer players.,0.8,Constraint-Led Approach
Study165,implicit,Dual-Process Model,NA,NA,0.3,Dual-Process Models
Study166,explicit,Postactivation Performance Enhancement (Pape),operational,NA,1,Postactivation Performance Enhancement (PAPE)
Study166,implicit,Constraint-Led Approach,NA,NA,0.8,Constraint-Led Approach
Study167,explicit,Self-Determination Theory,contextual,NA,0.5,Self-Determination Theory
Study167,implicit,Constraint-Led Approach,NA,"physiological and perceptive responses would be higher in 4 m × 4 m compared to other area sizes [3], while lower responses would be attributed to groundwork in comparison to standing combat due to its high energetic demand (most of the throwing techniques used are with the maximum physical lever) [13].",0.8,Constraint-Led Approach
Study168,explicit,Self-Determination Theory,contextual,NA,0.8,Self-Determination Theory
Study168,implicit,Constraint-Led Approach,NA,"HIIT induces an acute reduction in squat, but not in bench press explosive strength.",1,Constraint-Led Approach
Study169,explicit,Constraint-Led Approach,contextual,NA,0.8,Constraint-Led Approach
Study169,implicit,Dual-Process Model,NA,players adopt anticipatory behaviors (feedforward mechanisms and co-contractions) or generate new movement strategies.,0.9,Dual-Process Models
Study169,implicit,Arousal-Performance Frameworks,NA,"players will exhibit improvement in both preplanned and unexpected tests, with the group exposed to random, unexpected, and unanticipated conditions achieving superior results.",0.9,Arousal-Performance Frameworks
Study170,explicit,Constraint-Led Approach,operational,NA,0.8,Constraint-Led Approach
Study170,implicit,Dual-Process Model,NA,NA,0.6,Dual-Process Models
Study171,explicit,Ankle Proprioception As An Intrinsic Risk Factor For Ankle Injury,operational,NA,0.9,Ankle proprioception as an intrinsic risk factor for ankle injury
Study171,implicit,Proprioception,NA,NA,0.8,Proprioception
Study171,implicit,Somatosensory Feedback And Proprioceptive Information Input,NA,NA,0.7,Somatosensory feedback and proprioceptive information input
Study172,explicit,Constraint-Led Approach,operational,NA,1,Constraint-Led Approach
Study172,implicit,Self-Determination Theory,NA,NA,0.5,Self-Determination Theory
Study173,explicit,Post-Activation Potentiation (Pap),operational,NA,1,Post-Activation Potentiation (PAP)
Study173,explicit,Performance-Activation Potentiation (Pape),operational,NA,1,Performance-Activation Potentiation (PAPE)
Study174,explicit,Constraint-Led Approach,operational,NA,0.9,Constraint-Led Approach
Study174,implicit,Dual-Process Model,NA,NA,0.8,dual-process models
Study175,explicit,Self-Determination Theory,contextual,NA,0.5,Self-Determination Theory
Study175,implicit,Dual-Process Model,NA,"NMES training-induced muscle hypertrophy has been assessed using muscle thickness and/or cross-sectional area (CSA), and to the best of our knowledge, no evaluation of the effect of NMES on muscle hypertrophy in terms of muscle volume using a pre-test -post-test -control design has been conducted.",0.8,Dual-Process Models
Study175,implicit,Mechanistic Explanatory Model,NA,NMES training-induced muscle hypertrophy can be achieved not only in people with the aforementioned disabilities but also in healthy individuals.,0.7,Mechanistic Explanatory Model
Study175,implicit,Arousal-Performance Framework,NA,NMES training-induced muscle hypertrophy can be achieved not only in people with the aforementioned disabilities but also in healthy individuals.,0.6,Arousal-Performance Framework
Study176,implicit,Dual-Process Model,NA,NA,0.8,Dual-process models
Study176,implicit,Arousal-Performance Frameworks,NA,NA,0.7,Arousal-performance frameworks
Study177,explicit,Self-Determination Theory,contextual,NA,0.5,Self-Determination Theory
Study177,implicit,Constraint-Led Approach,NA,the practicalities of including such protocols in an elite team sport environment remains challenging,0.8,Constraint-Led Approach
Study178,explicit,Constraint-Led Approach,operational,NA,1,Constraint-Led Approach
Study178,implicit,Self-Organizing Theory,NA,NA,0.8,Self-Organizing Theory
Study179,explicit,Self-Determination Theory,contextual,NA,0.8,Self-Determination Theory
Study179,implicit,Dual-Process Model,NA,male referees would experience significantly greater physical demands compared to female referees,0.9,Dual-Process Models
Study180,explicit,Stretch-Shortening Cycle (Ssc) Theory,operational,NA,1,Stretch-Shortening Cycle (SSC) theory
Study180,implicit,Biomechanical Framework,NA,NA,0.8,Biomechanical framework
Study181,implicit,Overreaching Model,NA,"greater muscle damage on the VL, and longer time course muscle performance recovery than the knee extension single-joint exercise",0.9,Overreaching model
Study182,explicit,Constraint-Led Approach,operational,NA,1,Constraint-Led Approach
Study182,implicit,Lateralization In The Sensorimotor Cortex,NA,NA,0.8,Lateralization in the sensorimotor cortex
Study183,explicit,Constraint-Led Approach,operational,NA,0.9,Constraint-Led Approach
Study183,implicit,Dual-Process Model,NA,NA,0.8,dual-process models
Study184,implicit,Dual-Process Model,NA,NA,0.8,dual-process models
Study184,implicit,Arousal-Performance Frameworks,NA,NA,0.7,arousal-performance frameworks
Study185,explicit,Constraint-Led Approach,operational,NA,0.9,Constraint-Led Approach
Study185,implicit,NA,NA,NA,0.8,NA
Study186,explicit,Thermal Radiation Theory,operational,NA,0.9,Thermal Radiation Theory
Study186,implicit,Self-Regulation Theory,NA,NA,0.8,Self-Regulation Theory
Study186,implicit,Autonomic Nervous System Theory,NA,NA,0.7,Autonomic Nervous System Theory
Study187,explicit,Energy Systems Theory,operational,NA,0.9,Energy Systems Theory
Study187,implicit,Aerobic-Anaerobic Interplay Theory,NA,NA,0.8,Aerobic-Anaerobic Interplay Theory
Study188,explicit,Constraint-Led Approach,contextual,NA,0.6,Constraint-Led Approach
Study188,implicit,Self-Organizing Theory Of Noncontact Acl Injuries,NA,Athletes with worse core stability were more likely to sustain an ACL tear.,0.8,Self-Organizing Theory of Noncontact ACL Injuries
Study189,implicit,Constraint-Led Approach,NA,NA,0.8,Constraint-Led Approach
Study189,implicit,Dual-Process Model,NA,NA,0.7,Dual-Process Models
Study190,explicit,Self-Determination Theory,contextual,NA,0.5,Self-Determination Theory
Study190,implicit,Constraint-Led Approach,NA,mental fatigue impairs endurance performance by increasing the perceived exertion without affecting any peripheral physiological measures linked with endurance performance,0.8,Constraint-Led Approach
Study190,implicit,Dual-Process Model,NA,NA,0.7,Dual-Process Models
Study190,implicit,Arousal-Performance Frameworks,NA,mental fatigue causes an increase in perceived exertion,0.9,Arousal-Performance Frameworks
Study191,explicit,Overreaching Model,operational,NA,0.9,Overreaching Model
Study191,implicit,Self-Regulation Theory,NA,NA,0.8,Self-Regulation Theory
Study192,explicit,Self-Determination Theory,contextual,NA,0.8,Self-Determination Theory
Study192,implicit,Constraint-Led Approach,NA,"Regular short night sleep periods and impaired sleep quality among athletes, especially swimmers, negatively affect daytime cognitive functioning and increase the level of sleepiness during the day.",0.9,Constraint-Led Approach
Study192,implicit,Arousal-Performance Framework,NA,"Mild excessive to severe excessive daytime sleepiness (ie, Epworth Sleepiness Scale [ESS] score ≥11) was reported in athletes from individual and team sports, with the highest score observed among swimmers (ie, 12).",0.9,Arousal-Performance Framework
Study193,explicit,Motor Unit Properties Theory,operational,NA,1,Motor Unit Properties Theory
Study193,implicit,Self-Organizing Systems Theory,NA,NA,0.8,Self-Organizing Systems Theory
Study194,explicit,Nitric Oxide Theory,operational,NA,0.9,Nitric Oxide Theory
Study195,explicit,Constraint-Led Approach,operational,NA,0.9,Constraint-Led Approach
Study196,explicit,Self-Determination Theory,contextual,NA,0.8,Self-Determination Theory
Study196,implicit,Arousal-Performance Framework,NA,"walking speed becomes progressively slower in hypoxia compared to normoxia when perceptually regulated, which results in similar adjustments in physiological and perceptual responses.",0.9,Arousal-Performance Framework
Study197,explicit,Heat Acclimation/Accimatization,operational,NA,1,Heat Acclimation/Accimatization
Study197,implicit,Self-Regulation Theory,NA,NA,0.8,Self-Regulation Theory
Study198,explicit,Self-Determination Theory,contextual,NA,0.5,Self-Determination Theory
Study198,implicit,Constraint-Led Approach,NA,inter-limb asymmetries would increase after both the unilateral and bilateral fatigue protocols,1,Constraint-Led Approach
Study199,explicit,Self-Determination Theory,contextual,NA,0.5,Self-Determination Theory
Study199,implicit,Constraint-Led Approach,NA,there will be differences in the F-V profile depending on the performance level of the climbers and depending on the sex with international men showing better results than women and national climbers.,0.8,Constraint-Led Approach
Study200,explicit,Self-Determination Theory,contextual,NA,0.8,Self-Determination Theory
Study200,implicit,Constraint-Led Approach,NA,ELJ supplementation prior to exercise in comparison to the placebo (PLA) condition on changes in testosterone and some indirect markers of muscle damage after leg press eccentric exercise performed by elite athletes.,0.9,Constraint-Led Approach
Study201,implicit,Overreaching Model,NA,Increased PTA at foot strike over the duration of a running-induced fatigue test in comparison with earlier in the run.,0.8,Overreaching model
Study201,implicit,Dual-Process Model,NA,NA,0.6,Dual-process models
Study201,implicit,Arousal-Performance Frameworks,NA,NA,0.7,Arousal-performance frameworks
Study202,explicit,Self-Determination Theory,operational,NA,0.8,Self-Determination Theory
Study202,implicit,Dual-Process Model,NA,NA,0.6,dual-process models
Study203,implicit,Dual-Process Model,NA,NA,0.8,Dual-Process Model
Study203,implicit,Overreaching Model,NA,NA,0.7,Overreaching Model
Study204,explicit,Postactivation Potentiation (Pap),operational,NA,1,Postactivation Potentiation (PAP)
Study204,explicit,Postactivation Performance Enhancement (Pape),operational,NA,1,Postactivation Performance Enhancement (PAPE)
Study204,implicit,Dual-Process Model,NA,NA,0.8,Dual-Process Models
Study205,explicit,Mechanical Work,operational,NA,0.9,Mechanical work
Study205,explicit,Internal Mechanical Work (Wint),operational,NA,0.9,Internal mechanical work (Wint)
Study205,implicit,Kinetic Energy (Ke) Of The Body Segments,NA,NA,0.8,Kinetic energy (KE) of the body segments
Study206,explicit,Self-Determination Theory,contextual,NA,0.5,Self-Determination Theory
Study206,implicit,Constraint-Led Approach,NA,"CHS is positively correlated with upper-and lower body strength, contractile power, and RFD",1,Constraint-Led Approach
Study207,explicit,Self-Determination Theory,operational,NA,0.8,Self-Determination Theory
Study207,explicit,Constraint-Led Approach,operational,NA,0.7,Constraint-Led Approach
Study207,explicit,Arousal-Performance Frameworks,operational,NA,0.9,Arousal-Performance Frameworks
Study207,implicit,Social Cognitive Theory,NA,NA,0.6,Social Cognitive Theory
Study207,implicit,Dual-Process Model,NA,NA,0.5,Dual-Process Models
Study208,explicit,Self-Determination Theory,contextual,NA,0.8,Self-Determination Theory
Study208,implicit,Dual-Process Model,NA,"exercise-induced brain activity changes are modulated by exercise intensity, with greater intensity associated with greater cerebral oxygenation and blood volume in the brain",0.9,Dual-Process Models
Study208,implicit,Arousal-Performance Frameworks,NA,greater exercise intensity is associated with greater cerebral oxygenation and blood volume in the brain,0.8,Arousal-Performance Frameworks
Study209,implicit,Constraint-Led Approach,NA,NA,0.8,Constraint-Led Approach
Study209,implicit,Dual-Process Model,NA,NA,0.7,Dual-Process Models
Study210,explicit,Constraint-Led Approach,operational,NA,0.8,Constraint-Led Approach
Study210,implicit,Self-Determination Theory,NA,NA,0.6,Self-Determination Theory
Study211,explicit,Optimal Theory,operational,NA,1,OPTIMAL theory
Study212,explicit,Constraint-Led Approach,contextual,NA,0.8,Constraint-Led Approach
Study212,implicit,Dual-Process Model,NA,better maintenance of movement velocity and power across sets and an entire exercise session,0.9,dual-process models
Study213,implicit,Sensory Reweighting,NA,NA,0.8,Sensory reweighting
Study214,explicit,Specificity Principle,operational,NA,1,Specificity Principle
Study214,explicit,Musculotendinous Functioning,operational,NA,1,Musculotendinous Functioning
Study214,implicit,Central Pattern Generators,NA,NA,0.8,Central Pattern Generators
Study215,explicit,Self-Determination Theory,contextual,NA,0.8,Self-Determination Theory
Study215,implicit,Constraint-Led Approach,NA,"the study dependent variables will be influenced by the SSGs bout duration and participant number, with continuous bouts offering higher physiological demands and more enjoyment, and a greater number of participants resulting in more conservative physiological responses with more technical-tactical actions.",0.9,Constraint-Led Approach
Study216,explicit,Constraint-Led Approach,operational,NA,0.9,Constraint-Led Approach
Study216,implicit,Self-Regulation Theory,NA,NA,0.8,Self-Regulation Theory
Study217,explicit,Self-Determination Theory,contextual,NA,0.5,Self-Determination Theory
Study217,implicit,Constraint-Led Approach,NA,"rowing ergometer performance would decline after completing high-fatigue RT protocols, while low-fatigue RT protocols would not cause systematic changes.",0.8,Constraint-Led Approach
Study217,implicit,Arousal-Performance Framework,NA,lower-body RT exercises may acutely impair rowing performance in a greater extent that upper-body RT exercises.,0.7,Arousal-Performance Framework
Study218,implicit,Self-Organizing System,NA,NA,0.8,Self-Organizing System
Study219,explicit,Constraint-Led Approach,operational,NA,1,Constraint-Led Approach
Study219,implicit,Self-Determination Theory,NA,NA,0.8,Self-Determination Theory
Study220,implicit,Constraint-Led Approach,NA,NA,0.8,Constraint-Led Approach
Study220,implicit,Arousal-Performance Framework,NA,NA,0.7,Arousal-Performance Framework
Study221,implicit,Dual-Process Model,NA,NA,0.8,dual-process models
Study221,implicit,Arousal-Performance Frameworks,NA,NA,0.7,arousal-performance frameworks
Study222,implicit,Self-Regulation Theory,NA,"CAI patients would display altered reactive lower extremity joint kinematics (e.g., increased ankle inversion angular velocity and displacement) while copers would have protective reactive lower extremity joint kinematics (e.g., reduced ankle inversion angular velocity and displacement) after an ankle inversion perturbation during unplanned single-leg landing compared to the planned single-leg landing.",0.8,Self-Regulation Theory
Study223,explicit,Self-Determination Theory,contextual,NA,0.5,Self-Determination Theory
Study223,implicit,Constraint-Led Approach,NA,a longitudinal resisted sprint training program would also improve ice skating speed and acceleration,1,Constraint-Led Approach
Study224,implicit,Mechanical Strain Theory,NA,The exercise with a greater load (and thus strain) produced increased tendon stiffness and an increased cross-sectional area in persons with healthy human Achilles tendons.,0.9,Mechanical Strain Theory
Study224,implicit,Fibroblast Response Theory,NA,The response of the tendon in vivo to various exercises (doses) remains unknown.,0.8,Fibroblast Response Theory
Study225,explicit,Finnish Model,contextual,NA,0.8,Finnish model
Study225,explicit,Self-Determination Theory,contextual,NA,0.7,Self-Determination Theory (student self-perception)
Study225,implicit,Dual-Process Model,NA,"positive changes in the critical region of the brain's executive control centre, the prefrontal cortex, which is responsible for problem-solving, decision-making, planning, and regulating emotions",0.9,Dual-process models (unstructured activity breaks)
Study226,explicit,Stretch-Shortening Cycle,operational,NA,0.9,Stretch-Shortening Cycle
Study226,implicit,Dual-Process Model,NA,NA,0.8,Dual-Process Models (Arousal-Performance Framework)
Study227,explicit,Self-Determination Theory,contextual,NA,0.8,Self-Determination Theory
Study227,implicit,Dual-Process Model,NA,prepubertal youths adapt to resistance training to a lower magnitude in comparison to those who had experienced the growth spurt.,0.9,Dual-Process Models
Study227,implicit,Arousal-Performance Frameworks,NA,"neural mechanisms, such as enhanced excitation-contraction coupling, more likely to underpin any observed changes in strength due to training.",0.8,Arousal-Performance Frameworks
Study228,explicit,Self-Determination Theory,contextual,NA,0.5,Self-Determination Theory
Study228,implicit,Dual-Process Model,NA,"MF and PF would be increased post-match, comparative to pre.",0.8,Dual-Process Models
Study229,explicit,Constraint-Led Approach,operational,NA,0.9,Constraint-Led Approach
Study229,explicit,Placebo Effect,contextual,NA,0.8,Placebo Effect
Study231,explicit,Self-Determination Theory,contextual,NA,0.8,Self-Determination Theory
Study231,implicit,Constraint-Led Approach,NA,BET would enhance physical and cognitive performance in both single and multitasking conditions compared with standard physical training alone.,0.9,Constraint-Led Approach
Study232,implicit,Overreaching Model,NA,NA,0.8,Overreaching model
Study232,implicit,Fatigue Accumulation Framework,NA,NA,0.7,Fatigue accumulation framework
Study233,explicit,Musculotendinous Stiffness Theory,operational,NA,0.9,Musculotendinous Stiffness Theory
Study233,implicit,Hamstrings Function Theory,NA,NA,0.8,Hamstrings Function Theory
Study234,explicit,Speed-Accuracy Trade-Off,contextual,NA,1,speed-accuracy trade-off
Study234,implicit,Open Kinetic Chain,NA,NA,1,open kinetic chain
Study235,explicit,Constraint-Led Approach,operational,NA,1,Constraint-Led Approach
Study235,implicit,NA,NA,NA,0.8,NA
Study236,explicit,Constraint-Led Approach,operational,NA,0.9,Constraint-Led Approach
Study236,implicit,Mechanistic Explanatory Model (Energy Storage/Return),NA,Substantial mechanical energy was stored/returned in compressing the midsole foam of the prototype shoe.,0.8,Mechanistic explanatory model (energy storage/return)
Study236,implicit,Mechanistic Explanatory Model (Lever Effects And Stiffening Effects),NA,"The clever lever effects of the carbon-fiber plate on the ankle joint mechanics, and the stiffening effects of the plate on the metatarsophalangeal joint.",0.8,Mechanistic explanatory model (lever effects and stiffening effects)
Study236,implicit,Mechanistic Explanatory Model (Compliance And Resilience),NA,Compliance is the amount of compression that occurs when a material is loaded with a certain force; resilience is the fraction of the stored mechanical energy that is returned.,0.9,Mechanistic explanatory model (compliance and resilience)
Study236,implicit,Mechanistic Explanatory Model (Effective Mechanical Advantage),NA,The reduced knee flexion presumably increased the effective mechanical advantage (EMA) of the muscles acting around the knee joints.,0.8,Mechanistic explanatory model (effective mechanical advantage)
Study237,implicit,Self-Organizing Theory Of Acl Injury,NA,There would be significant interleg differences in knee biomechanics during side-cutting of the individuals with ACLR.,0.8,Self-Organizing Theory of ACL Injury
Study237,implicit,Quadriceps And Hamstring Strength Theory,NA,The reconstructed leg would have significant strength deficits in the quadriceps and hamstring compared with the contralateral and healthy control legs.,0.7,Quadriceps and Hamstring Strength Theory
Study238,explicit,Corticospinal Excitability (Cse),operational,NA,1,Corticospinal Excitability (CSE)
Study238,explicit,Short-Interval Intracortical Inhibition (Sici),operational,NA,1,Short-Interval Intracortical Inhibition (SICI)
Study239,explicit,Glycolysis And Glycogenolysis Sparing,operational,NA,0.9,Glycolysis and glycogenolysis sparing
Study239,implicit,Overreaching Model,NA,NA,0.8,Overreaching model
Study239,implicit,Central Factor-Mediated Fatigue,NA,NA,0.7,Central factor-mediated fatigue
Study240,explicit,Buffering Potential,operational,NA,1,Buffering potential
Study240,implicit,Anaerobic Glycolysis,NA,NA,0.8,Anaerobic glycolysis
Study241,explicit,Constraint-Led Approach,operational,NA,1,Constraint-Led Approach
Study241,implicit,Self-Organizing Systems Theory,NA,NA,0.8,Self-Organizing Systems Theory
Study242,explicit,Constant Limb Hypothesis,operational,NA,0.9,Constant Limb Hypothesis
Study243,explicit,Self-Determination Theory,operational,NA,1,Self-Determination Theory
Study243,implicit,Constraint-Led Approach,NA,NA,0.8,Constraint-Led Approach
Study244,explicit,Self-Determination Theory,contextual,NA,0.5,Self-Determination Theory
Study244,implicit,Dual-Process Model,NA,a reduction in physical performance is expected to be proportional to the length of fasting time,0.8,Dual-Process Models
Study245,explicit,Chronic Ankle Instability (Cai) Framework,contextual,NA,0.9,Chronic Ankle Instability (CAI) framework
Study245,implicit,Dual-Process Model,NA,the posterior peroneus longus compartment would present a lower EMG amplitude in the CAI group compared to No-CAI group,0.8,Dual-process models of muscle activation
Study246,explicit,Constraint-Led Approach,operational,NA,0.9,Constraint-Led Approach
Study246,implicit,NA,NA,NA,0.8,NA
Study247,explicit,Altitude Training Theory,contextual,NA,0.8,Altitude Training Theory
Study247,explicit,Link Between Increased Dyspnea And Decreased Performance Theory,contextual,NA,0.7,Link between Increased Dyspnea and Decreased Performance Theory
Study247,implicit,Respiratory Muscle Loading Theory,NA,increasing the respiratory load simultaneously during endurance training may actually decrease overall exercise performance compared to endurance training without added respiratory resistance.,0.9,Respiratory Muscle Loading Theory
Study248,explicit,Self-Determination Theory,contextual,NA,0.5,Self-Determination Theory
Study248,implicit,Constraint-Led Approach,NA,"RSE training and RHIE training would be equivalently effective at improving RHIEa, with larger improvements for repeated sprints with RSE training, and also that RHIE training would more strongly improve repeated contact effort performance.",0.8,Constraint-Led Approach
Study249,explicit,Overreaching Model,operational,NA,1,Overreaching Model
Study249,implicit,Self-Myofascial Release Theory,NA,NA,0.8,Self-Myofascial Release Theory
Study249,implicit,Dual-Process Model,NA,NA,0.9,Dual-Process Models (arousal-performance frameworks)
Study250,explicit,Thermoregulatory Mechanisms,contextual,NA,0.8,Thermoregulatory mechanisms
Study250,explicit,Sweat Loss And Electrolyte Loss,contextual,NA,0.7,Sweat loss and electrolyte loss
Study250,implicit,Overreaching Model,NA,An increase in cardiovascular strain (i.e. heart rate drift and decreased stroke volume to maintain a given cardiac output) due to a decrease in plasma volume is classically observed with hypohydration.,0.9,Overreaching model
Study251,implicit,Self-Regulation Theory,NA,NA,0.8,Self-Regulation Theory
Study251,implicit,Dual-Process Model,NA,NA,0.7,Dual-Process Model
Study252,explicit,Constraint-Led Approach,operational,NA,0.9,Constraint-Led Approach
Study252,implicit,Dual-Process Model,NA,NA,0.8,Dual-Process Model
Study253,implicit,Constraint-Led Approach,NA,"WG/S decrease wrist joint moment, joint angles, total joint ROM arc, and GRF in back handsprings.",0.9,Constraint-Led Approach
Study254,implicit,Constraint-Led Approach,NA,"peak M s, peak M a, peak M k, and peak M h would increase with load but not depth; percent contribution of the ankle would decrease with depth but increase with load; percent contribution of the knee would increase with depth but not load; percent contribution of the hip would increase with both depth and load",0.9,Constraint-Led Approach
Study255,explicit,Dose-Response Relationship,operational,NA,1,Dose-response relationship
Study255,implicit,Mechanoreceptors,NA,NA,0.8,Mechanoreceptors
Study256,explicit,Attentional Focus Theory,operational,NA,0.9,Attentional Focus Theory
Study256,implicit,Self-Regulation Theory,NA,NA,0.8,Self-Regulation Theory
Study257,explicit,Crossbridge Cycle,operational,NA,0.9,Crossbridge cycle
Study257,explicit,Length-Tension Curve,operational,NA,0.9,Length-tension curve
Study257,implicit,Dual-Process Model,NA,NA,0.8,Dual-process models (neurophysiological mechanisms)
Study258,explicit,Self-Determination Theory,contextual,NA,0.5,Self-Determination Theory
Study258,implicit,Constraint-Led Approach,NA,"(i) change the HRV profile of athletes following nap in order to prepare them for physical stress, and (ii) impact positively perceived variables including stress, sleepiness and fatigue.",0.8,Constraint-Led Approach
Study258,implicit,Dual-Process Model,NA,NA,0.7,Dual-Process Models
Study259,explicit,Constraint-Led Approach,operational,NA,0.8,Constraint-Led Approach
Study259,implicit,Dual-Process Model,NA,NA,0.6,dual-process models
Study260,explicit,Self-Determination Theory,contextual,NA,0.5,Self-Determination Theory
Study260,explicit,Coupling/Decoupling Interactions Model,operational,NA,0.9,Coupling/Decoupling Interactions Model
Study260,implicit,Dual-Process Model,NA,exercise may have a priming effect on the central nervous system by transiently increasing blood flow to prefrontal or subcortical regions that regulate system inhibition such as prefrontal-basal ganglia pathways,0.8,Dual-Process Models
Study260,implicit,Arousal-Performance Framework,NA,"exercise-induced arousal or the elevated BDNF level or the change in catecholamine concentrations are expected to be maintained for a short period following exercise, and cognitive performance is also expected to be facilitated during this time",0.7,Arousal-Performance Framework
Study261,explicit,Joint Work,operational,NA,1,Joint work
Study261,implicit,Point-Mass Model,NA,NA,0.8,Point-mass model
Study262,implicit,Leg Dominance,NA,kinematic differences between dominant and nondominant legs in a single-leg DVJ,0.9,Leg dominance
Study263,explicit,Post-Activation Performance Enhancement (Pape) Theory,operational,NA,1,Post-Activation Performance Enhancement (PAPE) theory
Study263,implicit,Dual-Process Model,NA,NA,0.8,Dual-process model
Study264,implicit,Self-Organizing Theory Of Motor Control,NA,"American pitchers will have less elbow flexion at FC, greater shoulder ER at maximum ER, and faster ball velocity compared to Japanese pitchers.",0.8,Self-Organizing Theory of Motor Control
Study265,explicit,Periodized Training,operational,NA,0.9,Periodized Training
Study265,implicit,Overreaching Model,NA,NA,0.8,Overreaching Model
Study266,explicit,Self-Determination Theory,contextual,NA,0.5,Self-Determination Theory
Study266,explicit,Social Cognitive Theory,contextual,NA,0.5,Social Cognitive Theory
Study266,explicit,Constraint-Led Approach,contextual,NA,0.5,Constraint-Led Approach
Study266,implicit,Dual-Process Model,NA,athletes tend to use various sources of information to make rapid predictions under uncertain situations with limited visual information presented,0.8,Dual-Process Models
Study266,implicit,Arousal-Performance Frameworks,NA,the ability of goalkeepers to anticipate the outcome of a penalty kick at high speed is important to save time for subsequent execution of blocking the ball,0.8,Arousal-Performance Frameworks
Study266,implicit,Overreaching Model,NA,NA,0.5,Overreaching Model
Study267,explicit,Self-Determination Theory,contextual,NA,0.5,Self-Determination Theory
Study267,implicit,Constraint-Led Approach,NA,those who took part in the video-based training that highlighted critical information sources significantly improved visual search behaviours,0.8,Constraint-Led Approach
Study268,explicit,Constraint-Led Approach,contextual,NA,0.8,Constraint-Led Approach
Study268,explicit,Mechanistic Explanatory Model (Tdcs),operational,NA,1,Mechanistic explanatory model (tDCS)
Study268,implicit,Self-Determination Theory,NA,NA,0.7,Self-Determination Theory
Study269,explicit,Self-Determination Theory,contextual,NA,0.5,Self-Determination Theory
Study269,implicit,Dual-Process Model,NA,RSH boosts repeated-sprint ability and sport-specific physical performance compared with similar training in normoxia (RSN),0.8,Dual-Process Models
Study269,implicit,Arousal-Performance Frameworks,NA,"RSH adaptive mechanisms for performance enhancement include improved muscle blood perfusion, optimized oxygen extraction by fast-twitch fibers, and specific skeletal muscle adaptations (molecular level) that may arise through oxygen-sensing pathways (i.e., hypoxic-inducible factors)",0.7,Arousal-Performance Frameworks
Study270,implicit,Dual-Process Model,NA,NA,0.8,dual-process models
Study270,implicit,Arousal-Performance Frameworks,NA,NA,0.7,arousal-performance frameworks
Study271,explicit,Self-Determination Theory,contextual,NA,0.8,Self-Determination Theory
Study271,implicit,Constraint-Led Approach,NA,"MF intervention would worsen players' game-based relevant performance responses such as physical enjoyment, total distance covered, and technical actions (e.g., lost balls and unsuccessful passes)",0.9,Constraint-Led Approach
Study272,explicit,Dual-Tasking Framework,operational,NA,1,Dual-Tasking Framework
Study272,implicit,Self-Organizing Systems Theory,NA,NA,0.8,Self-Organizing Systems Theory
